{
  "creds": {
    "noiseKey": {
      "private": {
        "type": "Buffer",
        "data": "aII66rCZtDwFs7mgrMFgQeb0SEJsI/hZsnIF7WJWrWA="
      },
      "public": {
        "type": "Buffer",
        "data": "grMQoxOusLcUJkW0VHURdmsBB0v8y7Rk2wMCWr1+c0A="
      }
    },
    "signedIdentityKey": {
      "private": {
        "type": "Buffer",
        "data": "iHLhUjpDkKI3FSu2zjy3gMuhcmkJorPwfZJAeiJXM1s="
      },
      "public": {
        "type": "Buffer",
        "data": "LdGghRGbep14BmaC1ycTClks8z+CfAzIduOezueNU1Y="
      }
    },
    "signedPreKey": {
      "keyPair": {
        "private": {
          "type": "Buffer",
          "data": "8MAR84tJH5U4OWBbYchqOHTo9GRmxlpxO3yNBi9jT3Y="
        },
        "public": {
          "type": "Buffer",
          "data": "zRRA1UMDWFSOzRiLAUELnwzjDaFnBV+b6Xo+ddtwajI="
        }
      },
      "signature": {
        "type": "Buffer",
        "data": "Vao1WhtmXOnxnPvX/q13j88s77tQoyXtb1XvalzntVPNvbXN0NWx5Tnl16QNOpkHTwZLdZsQ4XndZfNl1F9zDQ=="
      },
      "keyId": 1
    },
    "registrationId": 68,
    "advSecretKey": "FqadPPNr+PuvXzt7rxhnBtt4LnM4l9Cz/BTFCcEYXJQ=",
    "processedHistoryMessages": [],
    "nextPreKeyId": 31,
    "firstUnuploadedPreKeyId": 31,
    "accountSettings": {
      "unarchiveChats": false
    },
    "account": {
      "details": "CMn8otAGEMWL9aEGGAI=",
      "accountSignatureKey": "IGLgfaxN613cFYLL+nPlJG3o4/7J0phJDobd/3KpZ2Q=",
      "accountSignature": "cc2z+tJUNAh9MbOThWg74kZs7+bZwhVtCegfjyR4dz1zblAYSI2roeqBk4gfcuSr63fkvBPpaCOFjqzG8I9iDQ==",
      "deviceSignature": "WxmV42RCBM6DtN4GTp0fGOxkvoWBb8glTC6h1wqvxcI/p473iSjzkgmV8PcWtpqFP9MQEbP1RKZk0ZNodRt8Bg=="
    },
    "me": {
      "id": "94774022478:21@s.whatsapp.net",
      "name": "ÛâƒŸÌ¥Ì©Ì©Ì©Ì¥Ì©Ì¥Íšð™ºð™°ðš…ð™¸ð™½ð™³ðš„ ðšœðšðšŠðš›1ðŸŒ¹âƒ"
    },
    "signalIdentities": [
      {
        "identifier": {
          "name": "94774022478:21@s.whatsapp.net",
          "deviceId": 0
        },
        "identifierKey": {
          "type": "Buffer",
          "data": "BSBi4H2sTetd3BWCy/pz5SRt6OP+ydKYSQ6G3f9yqWdk"
        }
      }
    ],
    "platform": "android",
    "lastAccountSyncTimestamp": 1681737170
  },
  "keys": {
    "preKeys": {
      "1": {
        "private": {
          "type": "Buffer",
          "data": "eHIzCCArEOd7gGYujtQxZI53RO3bLzYmD2HXfsCkBm4="
        },
        "public": {
          "type": "Buffer",
          "data": "kMi21X/7PcnMOUvXHmm5V1EVcvtG5+WXCuZ+TYcrRhM="
        }
      },
      "2": {
        "private": {
          "type": "Buffer",
          "data": "gHSXpk55RbjBy3n340h+Z0NSHRDiyaHDWcUlTFbJSHs="
        },
        "public": {
          "type": "Buffer",
          "data": "GDBW1+zqs45u8aSvDTgxzskv3HTpRSRZ5hv9fOGGmmE="
        }
      },
      "3": {
        "private": {
          "type": "Buffer",
          "data": "OBaGU+NjAx00ZZNeB76Wme4u304s5URk3f6WTZjMNFA="
        },
        "public": {
          "type": "Buffer",
          "data": "MMUsOwqckpctGUSeZVFIS/SiZxMNyJPj8AcyD1yoQEU="
        }
      },
      "4": {
        "private": {
          "type": "Buffer",
          "data": "8K+usmSM+38niRLjjMnuin6uPeXOAFqgcCTP7bIop0g="
        },
        "public": {
          "type": "Buffer",
          "data": "OEDhrgYgcZAAR5gyWzBdxgk20/DNSeC4p+9CJOwQaXA="
        }
      },
      "5": {
        "private": {
          "type": "Buffer",
          "data": "WGb5lz6xIeNg7z/GXOAsoel2fKuvOWkqjsbqUP9GAns="
        },
        "public": {
          "type": "Buffer",
          "data": "k82W0G+yVbSh441UDQ1g7Zi2u781bfEVwGx0ogwcglE="
        }
      },
      "6": {
        "private": {
          "type": "Buffer",
          "data": "+Aj4Tx3Qp/bIURFSTj76OuNGhn07oIfzmwXHml/TOVg="
        },
        "public": {
          "type": "Buffer",
          "data": "fE4HNBDSnkcQkOtFMh3s6PIoJ6yjEugpWMKARjdqvAw="
        }
      },
      "7": {
        "private": {
          "type": "Buffer",
          "data": "EDU+1DJEfo6g8okwbVpN0FI65EBa4IvbvgY1vH38wWM="
        },
        "public": {
          "type": "Buffer",
          "data": "Ht6gVV3rggTp4M9wm2vgMK+6F22Xg8jVn12HGsOw0i4="
        }
      },
      "8": {
        "private": {
          "type": "Buffer",
          "data": "KLFxl+gaa7kOGBccMb0+92OYkSJBOse+5FGUOPvj8X0="
        },
        "public": {
          "type": "Buffer",
          "data": "RnFRMHXmV1YUK1R03FrZ6++ttWMzpAC24HyU7ioIrTA="
        }
      },
      "9": {
        "private": {
          "type": "Buffer",
          "data": "ECl5x5Mc76Gd26MUfI4iQqQUjLdirIQ0uoHuc82dWEQ="
        },
        "public": {
          "type": "Buffer",
          "data": "/Bxjoy1LFixKi1IN1WMqXyC0gB+rf0HQkTPZoflbp0o="
        }
      },
      "10": {
        "private": {
          "type": "Buffer",
          "data": "cJzCO14iuCjEUnosOM8DjTtO/lqGBv2rVBBx0M3akX8="
        },
        "public": {
          "type": "Buffer",
          "data": "QFJuNWItsTydZzgHIpo1XH6baj0cKcxnx8GrRTvLgVg="
        }
      },
      "11": {
        "private": {
          "type": "Buffer",
          "data": "iAMiO46zGwfqoWi5f7Yrbq4JlKcpZdYHdH8/CRRxPXs="
        },
        "public": {
          "type": "Buffer",
          "data": "nCpT+8ij3Zte4m+/gdlE0MeiDjdrIB8KVNvD+SiB1H4="
        }
      },
      "12": {
        "private": {
          "type": "Buffer",
          "data": "uEZfy/BTC5GGJsK/wUWPGX2THxvrF7jsg2keZCLQo1A="
        },
        "public": {
          "type": "Buffer",
          "data": "LLBmpW024WTNNzS7b7bKu/3ZVAnSktd4EfKwebZWRQQ="
        }
      },
      "13": {
        "private": {
          "type": "Buffer",
          "data": "+OHcO4+b5qSH4xZAta4fdEuZPwqMigRRSCNF6olZJ14="
        },
        "public": {
          "type": "Buffer",
          "data": "vhGqkMyGbXt4IDIrR95YfoyP2tS0iQ+ILgJFdXQIwE8="
        }
      },
      "14": null,
      "15": {
        "private": {
          "type": "Buffer",
          "data": "uLHK/zNopxNGf9hv6SsRcrpxdGbIiyrYeP0UFc3adX8="
        },
        "public": {
          "type": "Buffer",
          "data": "3TShuT8FAXfmyJXNKjcJDs8z25jBMeCHwL1oY4eeJmg="
        }
      },
      "16": {
        "private": {
          "type": "Buffer",
          "data": "OJw0LwJNyfYr5QDefQQll1b2KDRV5UIzfIP8SwIxf3s="
        },
        "public": {
          "type": "Buffer",
          "data": "k/7Cf+nBqEfvm2jYh39HWicKr3RqCBS4CDiM/4FuIxM="
        }
      },
      "17": {
        "private": {
          "type": "Buffer",
          "data": "kO/cGxaRQDjV+JEDJq9dPQSKAQrQdUi1PL9NfEZmnW0="
        },
        "public": {
          "type": "Buffer",
          "data": "nyNUQ34afh3FRehT9eowxQHhbUCSdbRg/RVe7aKU/To="
        }
      },
      "18": {
        "private": {
          "type": "Buffer",
          "data": "CJ+w/sFlduIjI+5j1vj70/eJmFaK3xQh9dDHAyohDH8="
        },
        "public": {
          "type": "Buffer",
          "data": "/HhC3Q4+A5ElRJthHX/wqwjtcXzxXgGMuQloxIOuZ10="
        }
      },
      "19": {
        "private": {
          "type": "Buffer",
          "data": "CHhw41GtXlZjz+Triu/mhC9/bc3yREa0qYfeXxDMD0U="
        },
        "public": {
          "type": "Buffer",
          "data": "gsqaMT/reZx2HKsBxelWfNIzGrhk1tq39PdbPWeQBAA="
        }
      },
      "20": {
        "private": {
          "type": "Buffer",
          "data": "uHiHGkkA4XE7U2ZYJpF7OFn+IRfcO+A7vExLtjvnqFk="
        },
        "public": {
          "type": "Buffer",
          "data": "hfA5TE7E63wXp2oylz9STYq4BPmfC9qk2WM3+Ac0p1w="
        }
      },
      "21": {
        "private": {
          "type": "Buffer",
          "data": "cEB6w3kgI2+AK5nU/LQvEMW5iUEZD8p7AaekrZ3pJG4="
        },
        "public": {
          "type": "Buffer",
          "data": "VXx1SqjLObekp6McqYSYhmyQbnfxY8eh7OIpItOKRAg="
        }
      },
      "22": {
        "private": {
          "type": "Buffer",
          "data": "qHM+uEupoQ9K0Xw96dYWh0MOy69VjYp09s0vJMEq7Vo="
        },
        "public": {
          "type": "Buffer",
          "data": "fGvDzgbX3k0+3aK+FcPOOSB4Ri4TmnBuRT4bw8LDiWA="
        }
      },
      "23": {
        "private": {
          "type": "Buffer",
          "data": "UCiQBvaJ3Qlat3oXympLx5jSuwSQSom3RzN5IXmRBns="
        },
        "public": {
          "type": "Buffer",
          "data": "GzM51KlCmFrQi8dVRRYclGQElruPpxrByc0tVk0dkn0="
        }
      },
      "24": {
        "private": {
          "type": "Buffer",
          "data": "aKKrk8cPZuC64Jmd+UnP4erw/o77cdKFdIY69Zc4F1I="
        },
        "public": {
          "type": "Buffer",
          "data": "BMjja6ZQplNFkKb3RmUzc//g1FF6CnbQwZFI+sqpPnw="
        }
      },
      "25": {
        "private": {
          "type": "Buffer",
          "data": "wP5Ood3UPj96AdWhmuPjP3Tpwe4Jc1m2SQQAyzpN2XI="
        },
        "public": {
          "type": "Buffer",
          "data": "KoaJPD/Ukkhc8VnjZ2iQwNR2v4H9//zWigqU/ItkrW4="
        }
      },
      "26": {
        "private": {
          "type": "Buffer",
          "data": "mCtushYl8YEIsCx0sHrHmWZol1v5cRrcyfA6l+/ncGw="
        },
        "public": {
          "type": "Buffer",
          "data": "c3wiBlS2j+Ezw+MtxZ1zNDalvP3+grcX/vh2O/kENQw="
        }
      },
      "27": {
        "private": {
          "type": "Buffer",
          "data": "WDv7lvRUrS0J8uokP61jO90ry6mLJktRA3uo5icXY0I="
        },
        "public": {
          "type": "Buffer",
          "data": "sEWm8YcqXRDKO2jTp290U9Molxgk/sOtynE4IMmmAAY="
        }
      },
      "28": {
        "private": {
          "type": "Buffer",
          "data": "4EWbh/wvBqp5c7paf3ai5B+yPZ/1kcK4yM1kCydJQW0="
        },
        "public": {
          "type": "Buffer",
          "data": "cm3R+H/TiHFMbOUVZQWDFILQTAYq+Jtj8ZMatNbcRE0="
        }
      },
      "29": {
        "private": {
          "type": "Buffer",
          "data": "+EeERdaL71JJ/Ev35u1uXgWO0T4S0EoeYDA79otW8Hg="
        },
        "public": {
          "type": "Buffer",
          "data": "vhGjMRP3XFZJzn1tsFRjxhk4+WJFdczK7FCCRg4cN08="
        }
      },
      "30": {
        "private": {
          "type": "Buffer",
          "data": "eM2sWpn8+U9/JFyENeuL4sOacBhy5eeBdPwQCuKApnc="
        },
        "public": {
          "type": "Buffer",
          "data": "EI+vF+zZ9+iaO7WIfIaDwrwNta5BwPaTlPGal2RrslQ="
        }
      }
    },
    "sessions": {
      "94774022478.0": {
        "_sessions": {
          "BVtl+2ET7ZAQYGp72e9CbMVDj1pyRbt8No5b6qXmt3sA": {
            "registrationId": 1988037512,
            "currentRatchet": {
              "ephemeralKeyPair": {
                "pubKey": "BcExzhpjhpSx6mPT8xEub/QgAgQFlvlTpyOQrylP8IFZ",
                "privKey": "yOYPhN6pWbcYSfiys9/mBRtiAYCD3zvzpZqzgA0YZ10="
              },
              "lastRemoteEphemeralKey": "BXRiRxkCd9vhbRZRjaSfjPHG5HyaHtgHXOyHrUbDZ75x",
              "previousCounter": 0,
              "rootKey": "zf5dRu9gvnMRk7D7TgY8ePf2lZquAzhgA97cFJvxxWw="
            },
            "indexInfo": {
              "baseKey": "BVtl+2ET7ZAQYGp72e9CbMVDj1pyRbt8No5b6qXmt3sA",
              "baseKeyType": 2,
              "closed": -1,
              "used": 1681737188155,
              "created": 1681737188154,
              "remoteIdentityKey": "BSBi4H2sTetd3BWCy/pz5SRt6OP+ydKYSQ6G3f9yqWdk"
            },
            "_chains": {
              "BXRiRxkCd9vhbRZRjaSfjPHG5HyaHtgHXOyHrUbDZ75x": {
                "chainKey": {
                  "counter": 1,
                  "key": "VVojuJRwSWk713q5lCIq8gKRvtL9BK5idMtc8DRrIrA="
                },
                "chainType": 2,
                "messageKeys": {}
              },
              "BcExzhpjhpSx6mPT8xEub/QgAgQFlvlTpyOQrylP8IFZ": {
                "chainKey": {
                  "counter": -1,
                  "key": "TC5vPn3n/tk2E64UIzKzuhIwChl0wfksvqqnSyKmAuE="
                },
                "chainType": 1,
                "messageKeys": {}
              }
            }
          }
        },
        "version": "v1"
      }
    }
  }
}
